{
    "dev": {
        "12": {
            "6": 55.905983
        },
        "18": {
            "6": 27.71737075,
            "9": 56.154473
        },
        "2": {
            "1": 50.846818
        },
        "24": {
            "6": 51.343605
        },
        "25": {
            "5": 51.13238
        },
        "36": {
            "6": 50.906642
        },
        "4": {
            "1": 50.8132225
        },
        "40": {
            "5": 50.9361805
        },
        "45": {
            "5": 50.838208
        },
        "56": {
            "8": 52.2265995
        },
        "63": {
            "7": 100.0,
            "9": 52.7609035
        },
        "7": {
            "7": 50.735006
        },
        "8": {
            "1": 55.04499,
            "8": 56.0255785
        }
    },
    "mul": {
        "1": {
            "1": 50.528027,
            "4": 50.808544499999996
        },
        "2": {
            "1": 50.6644695,
            "6": 51.193856,
            "7": 50.955842
        },
        "3": {
            "1": 51.240609,
            "2": 51.6714085,
            "3": 50.9978095,
            "6": 51.051464
        },
        "4": {
            "1": 50.8932565,
            "4": 51.2810775,
            "6": 51.020747,
            "7": 51.153602,
            "9": 51.3627785
        },
        "5": {
            "6": 52.7818915,
            "8": 55.57417,
            "9": 51.554425
        },
        "6": {
            "2": 26.291014,
            "4": 51.0251915,
            "5": 51.107753
        },
        "7": {
            "3": 51.1087465,
            "4": 51.217753,
            "5": 51.0412305
        },
        "8": {
            "4": 51.0556595,
            "8": 51.2200105
        },
        "9": {
            "5": 51.0020325,
            "8": 51.9590195
        }
    }
}