{
    "dev": {
        "1": {
            "1": 14.971760875
        },
        "10": {
            "2": 13.888617875
        },
        "12": {
            "2": 14.94671825,
            "3": 26.251969749999997,
            "4": 50.9176915,
            "6": 55.905983
        },
        "14": {
            "2": 4.8178019375000005,
            "7": 51.0785535
        },
        "15": {
            "3": 51.302324,
            "5": 50.9286035
        },
        "16": {
            "2": 9.051496,
            "8": 56.7721595
        },
        "18": {
            "2": 7.8164926875,
            "3": 50.9854175,
            "6": 27.71737075,
            "9": 28.795601
        },
        "2": {
            "1": 4.3714716875,
            "2": 16.425344499999998
        },
        "21": {
            "3": 51.0635235
        },
        "24": {
            "3": 26.640088,
            "4": 51.006274,
            "6": 51.343605
        },
        "25": {
            "5": 51.13238
        },
        "28": {
            "7": 27.995586
        },
        "3": {
            "1": 4.62793178125
        },
        "35": {
            "5": 50.82766
        },
        "36": {
            "6": 50.906642,
            "9": 52.1289565
        },
        "4": {
            "1": 3.384768109375,
            "2": 8.2090093125,
            "4": 50.835946
        },
        "40": {
            "5": 50.9361805
        },
        "42": {
            "7": 51.0618285
        },
        "45": {
            "5": 50.838208
        },
        "48": {
            "6": 52.805853
        },
        "5": {
            "1": 4.7258265,
            "5": 50.6843895
        },
        "54": {
            "6": 100.0
        },
        "56": {
            "8": 52.2265995
        },
        "6": {
            "1": 7.856994125,
            "2": 14.823636625,
            "3": 14.102908875
        },
        "63": {
            "7": 100.0,
            "9": 52.7609035
        },
        "7": {
            "1": 5.467994593749999,
            "7": 50.735006
        },
        "8": {
            "1": 3.62147653125,
            "2": 26.9388795,
            "4": 50.9512035,
            "8": 56.0255785
        },
        "81": {
            "9": 50.867733
        },
        "9": {
            "1": 4.779594937500001,
            "9": 50.6510475
        }
    },
    "mul": {
        "1": {
            "1": 1.9755145937499998,
            "2": 9.098931499999999,
            "3": 4.76668215625,
            "4": 4.71979090625,
            "5": 8.4244484375,
            "6": 7.718816937500001,
            "7": 13.843310874999998,
            "8": 3.138824203125,
            "9": 3.45748596875
        },
        "2": {
            "1": 26.286258250000003,
            "2": 14.079734124999998,
            "3": 8.238057937499999,
            "4": 8.090807312499999,
            "5": 26.550278,
            "6": 26.644502499999998,
            "7": 14.49617425,
            "8": 14.7262925,
            "9": 27.1382185
        },
        "3": {
            "1": 51.240609,
            "2": 51.6714085,
            "3": 50.9978095,
            "4": 26.299916999999997,
            "5": 50.888397499999996,
            "6": 51.051464,
            "7": 26.520298750000002,
            "8": 51.2320265,
            "9": 52.226671
        },
        "4": {
            "1": 26.25937875,
            "4": 51.2810775,
            "5": 50.990702,
            "6": 51.020747,
            "7": 51.153602,
            "9": 51.3627785
        },
        "5": {
            "2": 51.2199085,
            "3": 50.9254265,
            "4": 51.048935,
            "6": 52.7818915,
            "8": 55.57417,
            "9": 51.554425
        },
        "6": {
            "1": 50.845439999999996,
            "2": 13.9315795,
            "4": 51.0251915,
            "5": 51.107753
        },
        "7": {
            "3": 51.1087465,
            "4": 51.217753,
            "5": 51.0412305,
            "8": 55.763636
        },
        "8": {
            "4": 26.65900725,
            "7": 53.8278315,
            "8": 51.2200105
        },
        "9": {
            "1": 50.8122895,
            "5": 51.0020325,
            "6": 53.084787,
            "8": 51.9590195
        }
    }
}